2, 10 ,3.198342

10, 18 ,3.855345

18, 29 ,3.801547

29, 37 ,3.818511

37, 48 ,3.779819

48, 56 ,3.805366

56, 65 ,3.824557

65, 73 ,3.807496

73, 81 ,3.800004

81, 87 ,3.789150

87, 95 ,3.815552

95, 104 ,3.802555

104, 113 ,3.812175

113, 121 ,3.832125

121, 130 ,3.791014

130, 138 ,3.788185

138, 149 ,3.780653

149, 157 ,3.828687

157, 163 ,3.820044

163, 168 ,3.793871

168, 176 ,3.814381

176, 184 ,3.806960

184, 191 ,3.792184

191, 199 ,3.785773

199, 207 ,3.803712

207, 216 ,3.807156

216, 227 ,3.801365

227, 232 ,3.814863

232, 240 ,3.819716

240, 246 ,3.793999

246, 251 ,3.795059

251, 259 ,3.799987

259, 270 ,3.801277

270, 279 ,3.824361

279, 290 ,3.790566

290, 302 ,3.808640

302, 309 ,3.822414

309, 314 ,3.811602

314, 323 ,3.798079

323, 334 ,3.790913

334, 343 ,3.808177

343, 350 ,3.813614

350, 358 ,3.809164

358, 366 ,3.792718

366, 374 ,3.831048

374, 379 ,3.800447

379, 387 ,3.796080

387, 395 ,3.823248

395, 400 ,3.792723

Hetatm records : 46	Atom records : 4 